# extended ;1
# legs ;['blueleg']
# legs model ;['beam']
# legs young modulus ;[35000.]
# legs poisson ratio ;[0.45]
# legs position on motor ;['counterclockwisedown', 'clockwisedown', 'counterclockwisedown', 'clockwisedown']
# connector ;bluepart
# connector type ;rigid
Effector position;Motor angle
[-5.77320380e-10 -9.06648691e+01 -1.62415454e-10];[1.3741682657227816, -1.3741682874012078, 1.3741682567130564, -1.374168255514899]
[ 2.39429406e+01 -9.84811032e+01 -2.94787835e-10];[1.1294620766864052, -1.8498635650124466, 1.1294620696612285, -0.27633724265620485]
[ 15.95619839 -98.4897368  -15.95619844];[0.5640166728322394, -1.6427420803056818, 1.6427420584424781, -0.5640166567782254]
[ 15.95467292 -98.50002905  -7.97507383];[0.8494464717220014, -1.6384287369371628, 1.3998209001775819, -0.5599369813637924]
[ 1.59536155e+01 -9.85093822e+01 -1.02740037e-09];[1.131771434790632, -1.6353467417797347, 1.1317714286345018, -0.5575576219077296]
[ 15.95467292 -98.50002906   7.97507383];[1.3998209005863143, -1.6384287256981032, 0.8494464655312559, -0.5599369746079415]
[ 15.95619839 -98.48973684  15.95619844];[1.6427420571037068, -1.6427420804402157, 0.564016664942112, -0.5640166565041816]
[  7.97554524 -98.49053237  15.95553497];[1.6387914783266495, -1.4001628994674786, 0.5601111294148708, -0.8496796088500554]
[  7.9731158  -98.53373546   7.97311583];[1.395030577881612, -1.3950306125929717, 0.8451543505881125, -0.845154341441914]
[ 7.97252874e+00 -9.85436504e+01  1.85449082e-09];[1.1273804631731763, -1.392176273337603, 1.127380474340366, -0.8427317368683975]
[  7.9731158  -98.5337355   -7.97311583];[0.845154348068954, -1.3950306181580538, 1.395030571059124, -0.8451543336058704]
[  7.97554525 -98.49053233 -15.95553497];[0.5601111437225897, -1.4001629088648606, 1.638791498367142, -0.8496796194865488]
[ 3.22239156e-09 -9.84542342e+01 -2.39461497e+01];[0.2767094401748295, -1.1303032598917575, 1.850905518674569, -1.1303032669632982]
[ 2.25533632e-10 -9.84905768e+01 -1.59553308e+01];[0.5578964890707495, -1.1323491578242044, 1.6360554395533045, -1.1323491400092025]
[-2.23564329e-10 -9.85336733e+01 -7.97303140e+00];[0.8429659249869252, -1.1276787324336672, 1.3925214298925068, -1.1276787252144673]
[-8.23343430e-10 -9.85860968e+01 -1.60161513e-09];[1.1238396469060712, -1.1238396702646134, 1.1238396384661757, -1.123839646918729]
[-9.54923939e-10 -9.85336733e+01  7.97303140e+00];[1.392521447307774, -1.1276787455607225, 0.842965894883518, -1.1276787167128701]
[-1.19712828e-09 -9.84905768e+01  1.59553308e+01];[1.6360554409626689, -1.132349168151169, 0.5578964812110241, -1.1323491337573617]
[-6.84600843e-10 -9.84542342e+01  2.39461497e+01];[1.850905513108398, -1.130303258443645, 0.2767094148070204, -1.1303032383138958]
[ -7.97554524 -98.49053237  15.95553497];[1.6387914788420523, -0.8496796348160955, 0.5601111579409364, -1.4001628907618797]
[ -7.9731158  -98.53373548   7.97311583];[1.3950305622713874, -0.8451543554776602, 0.8451543502236647, -1.3950305747262501]
[-7.97252873e+00 -9.85436504e+01  9.33690474e-10];[1.1273804612362825, -0.8427317405696713, 1.127380456636922, -1.3921762664478319]
[ -7.9731158  -98.53373552  -7.97311582];[0.845154339775744, -0.845154358980581, 1.395030564949616, -1.395030572338465]
[ -7.97554524 -98.49053235 -15.95553497];[0.560111133468482, -0.8496796508157756, 1.6387914872308056, -1.4001628828669967]
[-15.95619839 -98.48973682 -15.95619844];[0.5640166750651632, -0.5640166887365547, 1.64274205030281, -1.6427420505638026]
[-15.95467292 -98.50002904  -7.97507383];[0.8494464628427463, -0.5599369875767181, 1.399820900739364, -1.6384287009408487]
[-1.59536155e+01 -9.85093823e+01 -1.77827894e-09];[1.131771440591006, -0.5575576282277958, 1.1317714280645363, -1.6353467371424848]
[-15.95467293 -98.50002902   7.97507383];[1.3998209005407396, -0.5599369823034954, 0.8494464801402146, -1.6384287057812053]
[-15.95619839 -98.48973688  15.95619844];[1.6427420438684577, -0.5640166855315409, 0.5640166743737275, -1.6427420466229927]
[-2.39429407e+01 -9.84811032e+01  1.26700180e-09];[1.1294620632492982, -0.27633726090746663, 1.1294620709906766, -1.8498635199640714]
[-3.19254267e+01 -1.06418844e+02 -8.88401804e-11];[0.875416208490935, 0.12010345722427782, 0.8754161989531515, -1.7682233077115583]
[ -23.94190031 -106.42307637  -15.95988912];[0.3898077440392622, -0.137885564270232, 1.3584007908137912, -1.575073926055198]
[ -23.93935809 -106.4306627    -7.97840788];[0.6443405450996547, -0.13760335478922797, 1.1345174980303145, -1.5791525795728942]
[-2.39377420e+01 -1.06438173e+02 -1.54054333e-09];[0.8944013351818942, -0.1370073490332993, 0.894401327222505, -1.579651962920458]
[ -23.93935808 -106.43066274    7.97840788];[1.1345174812522725, -0.13760335031578352, 0.6443405552925403, -1.5791525790500767]
[ -23.94190031 -106.42307635   15.95988912];[1.3584007930812534, -0.13788554552964677, 0.3898077257276434, -1.575073928207361]
[ -15.96067431 -106.41484011   23.94304194];[1.575376441671228, -0.3899557567497355, 0.1379959769633727, -1.3586921557273663]
[ -15.95646591 -106.4424326    15.95646595];[1.3691481828024752, -0.39451342785939614, 0.39451341316072913, -1.3691481860954582]
[ -15.95463142 -106.45043157    7.97657645];[1.1440017845885562, -0.39502383288813925, 0.6507712484823847, -1.3723736368267287]
[-1.59534497e+01 -1.06458381e+02  1.01590838e-09];[0.9024676474804031, -0.3946231278619444, 0.9024676491847505, -1.3725892413532168]
[ -15.95463142 -106.45043161   -7.97657645];[0.6507712810896096, -0.39502386613651186, 1.1440017758204668, -1.3723736410918814]
[ -15.95646591 -106.44243259  -15.95646595];[0.39451341498682946, -0.39451342127204736, 1.3691481892883115, -1.369148191755788]
[ -15.96067432 -106.41484012  -23.94304194];[0.1379959913536633, -0.3899557891345099, 1.5753764499149119, -1.3586921430331094]
[  -7.97921263 -106.41465649  -23.94163267];[0.1378084059643429, -0.6447026612370751, 1.5797300895137336, -1.1350308935870168]
[  -7.97701746 -106.44197734  -15.95548816];[0.3951659418926077, -0.6509581529183646, 1.372663323333739, -1.1442691486563494]
[  -7.97487959 -106.47236077   -7.97487961];[0.6517981408947507, -0.651798180126647, 1.1462242493102897, -1.1462242285496202]
[-7.97423701e+00 -1.06480730e+02 -9.33076475e-10];[0.9041494282381453, -0.6515874115563207, 0.9041494223228681, -1.146292451494437]
[  -7.97487958 -106.47236078    7.9748796 ];[1.146224241202386, -0.6517981183990365, 0.6517981105947003, -1.1462242362985988]
[  -7.97701746 -106.44197732   15.95548816];[1.3726633195463231, -0.6509581527736221, 0.3951659443557528, -1.1442691496810418]
[  -7.97921263 -106.41465648   23.94163267];[1.579730096076669, -0.6447026671530314, 0.1378084062158822, -1.1350309057740138]
[-2.02966582e-09 -1.06396453e+02  3.19294615e+01];[1.7690409879863553, -0.8760354823826462, -0.11989504744162785, -0.876035438591671]
[-1.80408287e-09 -1.06414461e+02  2.39411419e+01];[1.580500566101885, -0.8950555319174542, 0.13730527726544178, -0.8950554923950853]
[-6.99963128e-10 -1.06441669e+02  1.59551573e+01];[1.373157088229819, -0.9029210296871149, 0.3949000015201593, -0.9029210148721838]
[ 5.41487306e-10 -1.06472022e+02  7.97470536e+00];[1.1465604255079895, -0.9043808088775684, 0.6517729591233031, -0.9043808175732909]
[-7.26903844e-10 -1.06505620e+02  1.19288828e-09];[0.9036644684347837, -0.9036644867081812, 0.9036644694139774, -0.9036644748741494]
[-8.09925539e-10 -1.06472022e+02 -7.97470536e+00];[0.6517729621025447, -0.9043808250212722, 1.1465604109524907, -0.9043808083934999]
[-1.05194439e-09 -1.06441669e+02 -1.59551573e+01];[0.3948999915642365, -0.9029210401219693, 1.373157092978645, -0.9029210097642232]
[-5.63580511e-10 -1.06414461e+02 -2.39411419e+01];[0.13730527619292954, -0.8950555024512978, 1.5805005575646658, -0.8950554929468617]
[-1.72973512e-09 -1.06396453e+02 -3.19294615e+01];[-0.11989504635085259, -0.8760354715182485, 1.7690409684987343, -0.876035438065661]
[   7.97921263 -106.41465651  -23.94163267];[0.13780839671589157, -1.1350308999060887, 1.579730095627917, -0.6447026402360618]
[   7.97701746 -106.44197736  -15.95548816];[0.39516593514871506, -1.1442691749735971, 1.3726633140065045, -0.650958127627631]
[   7.97487958 -106.4723608    -7.9748796 ];[0.6517981231931687, -1.1462242543643708, 1.1462242289294284, -0.6517981092580771]
[ 7.97423701e+00 -1.06480730e+02 -1.29171369e-09];[0.9041494341804299, -1.1462924907520409, 0.9041494245131817, -0.651587392444007]
[   7.97487958 -106.47236075    7.9748796 ];[1.146224243367847, -1.146224249625412, 0.6517981150796068, -0.6517981080752144]
[   7.97701746 -106.44197739   15.95548816];[1.3726633375706947, -1.144269182603636, 0.3951659304097269, -0.6509581241985132]
[   7.97921263 -106.4146565    23.94163267];[1.5797300908958303, -1.1350309129253278, 0.1378084017792429, -0.644702642007221]
[  15.96067431 -106.41484009   23.94304195];[1.575376448322046, -1.3586921695029366, 0.13799598644400635, -0.3899557490703159]
[  15.95646591 -106.44243259   15.95646595];[1.3691481844226963, -1.3691482228543719, 0.3945134054366943, -0.3945133945550147]
[  15.95463141 -106.45043163    7.97657645];[1.1440017743686854, -1.3723736517136664, 0.6507712468279625, -0.3950238242508669]
[ 1.59534497e+01 -1.06458381e+02  7.69326424e-10];[0.9024676547386818, -1.3725892708715726, 0.9024676505026534, -0.39462311060328753]
[  15.95463141 -106.45043162   -7.97657645];[0.6507712562857746, -1.3723736447769428, 1.1440017892194263, -0.39502383026237037]
[  15.95646591 -106.44243261  -15.95646595];[0.3945134237826201, -1.3691482320861539, 1.3691481809792274, -0.39451339953272946]
[  15.96067431 -106.4148401   -23.94304195];[0.13799598036732638, -1.358692172732857, 1.5753764381187538, -0.38995574790568605]
[  23.94190031 -106.42307635  -15.95988912];[0.38980773019508175, -1.5750739600471682, 1.3584008051887624, -0.13788551956659584]
[  23.93935808 -106.43066274   -7.97840788];[0.644340535814572, -1.5791525891525546, 1.1345174807551908, -0.13760333395446359]
[ 2.39377420e+01 -1.06438173e+02 -1.37628248e-09];[0.8944013358427242, -1.579651980627956, 0.8944013261361214, -0.1370073422902522]
[  23.93935808 -106.43066271    7.97840788];[1.1345174779843563, -1.5791525905069688, 0.6443405597151033, -0.13760334240857774]
[  23.94190031 -106.42307638   15.95988912];[1.3584008063305826, -1.575073934051061, 0.3898077269343097, -0.13788552409543609]
[ 3.19254267e+01 -1.06418844e+02  6.01063207e-11];[0.8754162076560107, -1.7682233120439792, 0.8754161949933854, 0.12010346793230575]
[  31.91702264 -114.35773483  -15.96083563];[0.20895603863306944, -1.5052558868669919, 1.0819471588658924, 0.24349483933898813]
[  31.91376227 -114.36408702   -7.97974304];[0.43822879485972044, -1.51623526479431, 0.8775354602586366, 0.2409623761731832]
[ 3.19116247e+01 -1.14370303e+02 -1.59584064e-09];[0.6618681298940647, -1.5194437234060556, 0.6618681113709152, 0.24038053327192166]
[  31.91376227 -114.36408704    7.97974304];[0.8775354873640878, -1.5162352807842387, 0.4382287872478764, 0.24096236972675028]
[  31.91702263 -114.35773486   15.96083563];[1.081947172398521, -1.5052559039745192, 0.2089560418264578, 0.2434948345613525]
[  23.93829745 -114.364638     23.9382975 ];[1.303882913188005, -1.303882945197895, -0.010021120037048227, 0.010021133951682415]
[  23.93491136 -114.37166625   15.95726751];[1.110110903636261, -1.322534134902727, 0.22584004282139608, 0.0023936358143387404]
[  23.93226514 -114.37822137    7.97784326];[0.902892047139249, -1.3318994291299684, 0.45785393087401566, -0.0008459858593110048]
[ 2.39305461e+01 -1.14384750e+02  9.18629912e-10];[0.6843605152119047, -1.3345460520518295, 0.6843605166675023, -0.0016298506295067683]
[  23.93226514 -114.37822134   -7.97784326];[0.45785393362685667, -1.3318994437265825, 0.9028920505937943, -0.000845989317346113]
[  23.93491136 -114.37166626  -15.95726751];[0.22584005267497995, -1.3225341055752171, 1.110110885685869, 0.0023936314873592157]
[  23.93829745 -114.36463804  -23.93829749];[-0.01002112684618433, -1.3038829400654153, 1.3038829133962366, 0.010021137242998163]
[  15.96155386 -114.35123435  -31.91854804];[-0.24343847962681459, -1.0821530090129146, 1.5054885951114152, -0.2090655487544718]
[  15.95803592 -114.36504115  -23.93608342];[-0.0023128741133764397, -1.1103225032091606, 1.3227606441037547, -0.22594942385027922]
[  15.95411148 -114.38484565  -15.95411151];[0.23498034835608528, -1.1265209872612778, 1.1265209533528222, -0.23498033464854345]
[  15.95220934 -114.39165171   -7.9761797 ];[0.4687585635622435, -1.134649782824135, 0.9174552059032801, -0.2390913566663396]
[ 1.59509805e+01 -1.14398482e+02 -5.95490971e-10];[0.6970939775877146, -1.1368836303047545, 0.6970939695727122, -0.24012734100268723]
[  15.9522093  -114.39165169    7.97617896];[0.9174549666828574, -1.1346497765439736, 0.4687589821973363, -0.23909130981877436]
[  15.95411149 -114.38484563   15.95411151];[1.1265209538125496, -1.1265209675882735, 0.2349803462302202, -0.23498033498942444]
[  15.95803592 -114.36504115   23.93608343];[1.3227606449617038, -1.1103225151413725, -0.0023128673980908135, -0.22594942736656976]
[  15.96155386 -114.35123435   31.91854804];[1.505488589452863, -1.0821530315512902, -0.24343846899743798, -0.20906555183054865]
[   7.98046359 -114.3512372    31.91683992];[1.5166929286407014, -0.8779019828988899, -0.24085768806598534, -0.4384953383676996]
[   7.97863116 -114.36486977   23.93467959];[1.3323529806600396, -0.9032754377159341, 0.0010024548110874054, -0.4581289686349649]
[   7.97662293 -114.38441024   15.95310033];[1.1348783984611044, -0.9176618717543672, 0.2392045219945686, -0.4689054124783405]
[   7.97478519 -114.40491968    7.97478521];[0.9243547319265789, -0.9243547525350871, 0.47370996281492156, -0.47370994643218023]
[ 7.97413186e+00 -1.14412039e+02 -2.75162717e-10];[0.7030123216758357, -0.9262575038399565, 0.7030123032141493, -0.47502473292943387]
[   7.97478519 -114.40491971   -7.97478521];[0.4737099464920265, -0.9243547614501543, 0.924354735000522, -0.473709944577201]
[   7.97662293 -114.38441023  -15.95310033];[0.23920452366642247, -0.9176618877283318, 1.1348783937653688, -0.46890540796489233]
[   7.97863116 -114.3648698   -23.93467958];[0.0010024497071495636, -0.9032754338535691, 1.3323529884029488, -0.4581289606078497]
[   7.98046359 -114.35123723  -31.91683992];[-0.24085768209087954, -0.8779020253704983, 1.5166929219755447, -0.43849533092555043]
[-3.47862833e-10 -1.14351158e+02 -3.19162439e+01];[-0.24022838835983673, -0.6623420779646866, 1.520123871810046, -0.6623420704184785]
[-1.86742544e-09 -1.14364727e+02 -2.39341953e+01];[0.0018608348709027722, -0.6848571428077176, 1.33522405848379, -0.6848571015939593]
[-1.03498512e-09 -1.14384168e+02 -1.59527557e+01];[0.2403487401845135, -0.6974455544502264, 1.1373339078878228, -0.69744552933487]
[-1.75315450e-09 -1.14404685e+02 -7.97459684e+00];[0.4751699823756844, -0.7031907553115428, 0.926464559020258, -0.7031907104042403]
[-4.26273748e-10 -1.14425345e+02 -1.95581812e-09];[0.7044702101703583, -0.7044702056222276, 0.7044701793013897, -0.7044701952562035]
[-1.43007725e-09 -1.14404685e+02  7.97459684e+00];[0.9264645666955298, -0.7031907513135862, 0.4751699797224867, -0.7031907151189566]
[-5.71175015e-11 -1.14384168e+02  1.59527557e+01];[1.1373339108698857, -0.6974455281971937, 0.2403487246227492, -0.6974455259591992]
[-1.27217617e-09 -1.14364727e+02  2.39341953e+01];[1.3352240733577767, -0.684857141866279, 0.0018608338387404305, -0.6848571133340782]
[-9.64949263e-10 -1.14351158e+02  3.19162439e+01];[1.5201238838595308, -0.6623420717709632, -0.2402283975210406, -0.6623420649578213]
[  -7.98046359 -114.35123721   31.91683992];[1.5166929219135137, -0.43849534858757344, -0.24085768586100814, -0.8779019775418646]
[  -7.97863116 -114.36486978   23.93467958];[1.3323529945884205, -0.4581289744565694, 0.0010024400331525157, -0.9032754064646449]
[  -7.97662293 -114.38441022   15.95310033];[1.134878400828829, -0.46890542090573006, 0.2392045103028128, -0.9176618464891857]
[  -7.97478519 -114.40491969    7.97478521];[0.9243547417597596, -0.4737099455280883, 0.4737099496332048, -0.9243547335729906]
[-7.97413186e+00 -1.14412039e+02 -4.89290715e-10];[0.7030123076587912, -0.4750247466465566, 0.7030122951342171, -0.9262574586479074]
[  -7.9747852  -114.40491969   -7.97478521];[0.47370995371113894, -0.473709965993961, 0.9243547302309806, -0.9243547287391234]
[  -7.97662293 -114.38441023  -15.95310033];[0.23920451655582942, -0.46890544010527035, 1.134878400210142, -0.9176618510968565]
[  -7.97863116 -114.36486981  -23.93467957];[0.0010024376365346949, -0.4581289730637162, 1.3323529864150254, -0.9032754025298966]
[  -7.98046359 -114.3512372   -31.91683992];[-0.2408577013614867, -0.43849534819616975, 1.5166929316948483, -0.8779019651121875]
[ -15.96155387 -114.35123432  -31.91854804];[-0.243438491762307, -0.2090655516158451, 1.5054885912423028, -1.0821530045878323]
[ -15.95803592 -114.36504111  -23.93608343];[-0.0023128862225344354, -0.22594942238541116, 1.3227606601237865, -1.1103224974689194]
[ -15.95411149 -114.38484563  -15.95411151];[0.23498034080960056, -0.23498035741426557, 1.1265209478245204, -1.126520955847962]
[ -15.95220932 -114.3916517    -7.97617933];[0.46875878515203123, -0.23909134499069795, 0.917455102894698, -1.134649746359452]
[-1.59509805e+01 -1.14398482e+02 -1.01178035e-09];[0.6970939759598407, -0.24012737148235677, 0.6970939722039601, -1.1368836188289653]
[ -15.95220932 -114.39165171    7.97617933];[0.9174551019990327, -0.23909134329650622, 0.4687587828006805, -1.1346497538761218]
[ -15.95411149 -114.38484561   15.95411151];[1.1265209901342628, -0.23498034874957086, 0.2349803408332246, -1.126520961361642]
[ -15.95803592 -114.36504112   23.93608343];[1.3227606744988256, -0.22594945015243534, -0.0023128747053039744, -1.1103224953140194]
[ -15.96155387 -114.35123432   31.91854805];[1.505488604623954, -0.20906556043374325, -0.24343847868127683, -1.0821530090665594]
[ -23.93829745 -114.36463804   23.93829749];[1.3038829100035148, 0.010021131964952662, -0.010021128594686304, -1.3038829206931826]
[ -23.93491136 -114.37166624   15.95726752];[1.11011088585439, 0.0023936170880668184, 0.2258400499819768, -1.3225340969291897]
[ -23.93226514 -114.37822137    7.97784326];[0.9028920471708703, -0.0008460070358928262, 0.4578539398956345, -1.3318993938685524]
[-2.39305461e+01 -1.14384750e+02  1.62756007e-10];[0.6843605338816756, -0.0016298813542020563, 0.684360513233166, -1.334546002008635]
[ -23.93226514 -114.37822135   -7.97784326];[0.45785392967641725, -0.0008460160984231357, 0.9028920434235364, -1.3318994010793919]
[ -23.93491135 -114.3716663   -15.95726751];[0.225840047687034, 0.002393619452829787, 1.1101108863137992, -1.3225340945254538]
[ -23.93829745 -114.36463803  -23.93829749];[-0.010021122371454416, 0.010021126320501478, 1.3038829058831019, -1.3038829192021448]
[ -31.91702263 -114.35773485  -15.96083563];[0.2089560430148597, 0.24349483489126184, 1.0819471519004609, -1.5052558736807489]
[ -31.91376227 -114.36408701   -7.97974304];[0.43822879236462847, 0.24096237783875296, 0.8775354582280568, -1.5162352335601321]
[-3.19116247e+01 -1.14370303e+02 -2.23714821e-09];[0.6618681215874054, 0.2403805373244005, 0.6618681078320714, -1.5194436857465572]
[ -31.91376226 -114.36408706    7.97974304];[0.8775354724010891, 0.24096237205982102, 0.4382287846661718, -1.516235234483216]
[ -31.91702263 -114.35773486   15.96083562];[1.0819471537674235, 0.24349484528538093, 0.20895602663601648, -1.505255867632088]
[ -31.90170833 -122.30009653   15.95574092];[0.8551868390708656, 0.37146051936078567, 0.0469417525864326, -1.26909183052596]
[ -31.89852614 -122.30624432    7.9776073 ];[0.6650630819954308, 0.36598021247697166, 0.2598132629569248, -1.2831801182398317]
[-3.18962700e+01 -1.22311708e+02  7.56777936e-10];[0.4660950549129833, 0.36432251475615507, 0.4660950546511436, -1.2875891333981535]
[ -31.89852615 -122.3062443    -7.97760731];[0.25981327401447013, 0.36598022867982627, 0.6650630809765965, -1.2831801204397657]
[ -31.90170833 -122.30009654  -15.95574092];[0.04694175256540617, 0.3714605191032828, 0.8551868287881083, -1.2690918315686832]
[ -23.92925392 -122.30453311  -23.92925394];[-0.1535263348849909, 0.1535263412857041, 1.0700754093555915, -1.0700754233521623]
[ -23.92612089 -122.31111991  -15.95259689];[0.06779892080176628, 0.1419739098601428, 0.8867029329785923, -1.0926088183223417]
[ -23.92353809 -122.31727949   -7.97594414];[0.2830202090241022, 0.13592484509501782, 0.693647273471132, -1.1050610553096072]
[-2.39217585e+01 -1.22322942e+02 -7.73160780e-10];[0.49189962173195223, 0.13409871793129302, 0.4918996152375932, -1.1089161142152055]
[ -23.92353809 -122.3172795     7.97594413];[0.6936472808269316, 0.1359248419553657, 0.28302020258581384, -1.1050610615633663]
[ -23.92612089 -122.31111992   15.95259689];[0.8867029342337112, 0.14197391662455433, 0.06779890422273069, -1.0926088182401148]
[ -23.92925392 -122.30453313   23.92925394];[1.0700754174247284, 0.15352634339583374, -0.15352633880801445, -1.0700754287706666]
[ -15.9564938  -122.29504459   31.90338021];[1.2692707160725882, -0.04701816825235938, -0.37142673512624214, -0.855334028974677]
[ -15.95337473 -122.30606408   23.92733337];[1.092775035433821, -0.06787485494772494, -0.1419194408741182, -0.8868533559944245]
[ -15.94996203 -122.32005583   15.94996204];[0.9069032952096856, -0.08068479372524534, 0.08068478347066611, -0.9069032937829145]
[ -15.94812116 -122.32631543    7.97455791];[0.7118130313460407, -0.0875168730427901, 0.2975135295687177, -0.9179892514479424]
[-1.59468760e+01 -1.22332168e+02  1.28029784e-10];[0.5081640249666628, -0.08958101161811807, 0.5081640109916383, -0.9213912366619548]
[ -15.94812116 -122.32631545   -7.97455791];[0.2975135424485909, -0.08751688306984443, 0.7118130253864445, -0.917989249593413]
[ -15.94996203 -122.32005581  -15.94996204];[0.0806847846963421, -0.08068478085201689, 0.9069032750227508, -0.9069032833516446]
[ -15.95337472 -122.30606409  -23.92733337];[-0.14191942894291304, -0.06787486536129253, 1.0927750185210747, -0.8868533610948997]
[ -15.9564938  -122.29504458  -31.90338022];[-0.3714267403783326, -0.04701816648510615, 1.2692707338248146, -0.8553340288754028]
[  -7.97836961 -122.29592124  -31.90198076];[-0.36591490700481083, -0.2600076441160474, 1.2835472091041134, -0.665331350454508]
[  -7.97675671 -122.306659    -23.92612177];[-0.13581371365104072, -0.28322114369447626, 1.1054111905532835, -0.6939283086063146]
[  -7.97502409 -122.32038808  -15.94907196];[0.08760295423665239, -0.2976249670153386, 0.9181671479428808, -0.7119706513736948]
[  -7.97350637 -122.33376741   -7.97350638];[0.3052511050025205, -0.3052511198070299, 0.7216682755637828, -0.7216682891584711]
[-7.97285768e+00 -1.22339797e+02 -1.42883005e-09];[0.516917887408373, -0.3075989187588606, 0.5169178616744192, -0.7246811105240147]
[  -7.97350638 -122.33376741    7.97350638];[0.7216682941711632, -0.30525113440747265, 0.30525109937005035, -0.7216682848565896]
[  -7.97502409 -122.32038808   15.94907196];[0.918167163127, -0.2976249601219021, 0.08760294977703319, -0.7119706571058806]
[  -7.97675671 -122.30665904   23.92612176];[1.1054111912969062, -0.2832211695295101, -0.13581370563618306, -0.6939283066760605]
[  -7.9783696  -122.29592125   31.90198076];[1.2835472155593055, -0.26000761793468763, -0.3659149152497329, -0.6653313532677801]
[-1.05459101e-09 -1.22296155e+02  3.19014966e+01];[1.2881428022370516, -0.4664449474709083, -0.3642262724317146, -0.46644492681244304]
[-8.37678347e-10 -1.22306798e+02  2.39257064e+01];[1.109448603127657, -0.49226757110698993, -0.13393170861836243, -0.4922675512964687]
[-2.55940233e-10 -1.22320435e+02  1.59487690e+01];[0.9217433596556008, -0.5084315454683337, 0.089750252228196, -0.5084315366021183]
[-5.22289945e-10 -1.22333829e+02  7.97333843e+00];[0.7248395510564026, -0.517053445411128, 0.3077096818816732, -0.5170534288462958]
[-1.02071516e-09 -1.22345725e+02  8.05732789e-10];[0.5195866747169049, -0.5195867134591737, 0.5195866775447013, -0.519586680832448]
[-1.41553684e-09 -1.22333829e+02 -7.97333844e+00];[0.30770967937388227, -0.5170534519900339, 0.7248395639103649, -0.517053422861473]
[-1.07312844e-09 -1.22320435e+02 -1.59487690e+01];[0.089750257407978, -0.5084315620321871, 0.921743345711188, -0.5084315319710835]
[-6.41696885e-10 -1.22306798e+02 -2.39257064e+01];[-0.13393171968429918, -0.49226756531610744, 1.109448611564944, -0.4922675475401246]
[-1.58292017e-09 -1.22296155e+02 -3.19014966e+01];[-0.3642262692419591, -0.466444956612903, 1.2881428001327817, -0.4664449260208605]
[   7.9783696  -122.29592125  -31.90198075];[-0.36591492199353826, -0.6653313636416816, 1.2835472199868443, -0.2600076089585464]
[   7.97675671 -122.30665902  -23.92612176];[-0.13581371000816525, -0.693928329511728, 1.105411191268479, -0.2832211378228901]
[   7.97502409 -122.32038806  -15.94907197];[0.08760295533029937, -0.7119706790265519, 0.9181671509166471, -0.2976249407272452]
[   7.97350637 -122.33376741   -7.97350638];[0.30525110875543693, -0.7216683032742806, 0.7216682822878345, -0.3052510998017332]
[ 7.97285767e+00 -1.22339797e+02 -3.92663538e-10];[0.516917864985481, -0.7246811278655874, 0.5169178651501872, -0.30759889894299297]
[   7.97350637 -122.3337674     7.97350638];[0.721668291675795, -0.7216682970608377, 0.3052510987577337, -0.3052510950785288]
[   7.97502409 -122.32038806   15.94907196];[0.9181671670214802, -0.7119706725907619, 0.08760294642212668, -0.2976249339331388]
[   7.97675671 -122.30665902   23.92612176];[1.1054111954655579, -0.693928314248357, -0.13581372653279505, -0.2832211277573401]
[   7.9783696  -122.29592126   31.90198075];[1.2835472279246347, -0.6653313767660147, -0.36591492621676974, -0.26000759864206113]
[  15.9564938  -122.29504459   31.9033802 ];[1.2692707402674095, -0.8553340337986932, -0.37142675683849563, -0.047018144545284274]
[  15.95337472 -122.30606408   23.92733337];[1.0927750437625205, -0.8868533722652202, -0.14191944909601523, -0.06787484170921829]
[  15.94996203 -122.32005582   15.94996204];[0.9069032832543579, -0.9069032939150367, 0.08068477211061913, -0.08068476793959395]
[  15.94812116 -122.32631543    7.97455791];[0.7118130422464861, -0.9179892733003594, 0.29751352322975827, -0.08751685629962117]
[ 1.59468760e+01 -1.22332168e+02  2.82744203e-10];[0.5081640000114072, -0.9213912549952775, 0.5081640073095792, -0.08958098057195565]
[  15.94812116 -122.32631543   -7.97455791];[0.29751352382871055, -0.9179892558026427, 0.7118130390618553, -0.08751685731803477]
[  15.94996203 -122.3200558   -15.94996204];[0.08068477619136409, -0.9069033061254379, 0.9069032785025652, -0.08068477050077602]
[  15.95337473 -122.30606407  -23.92733337];[-0.1419194488671097, -0.8868533574778452, 1.0927750374977439, -0.06787484262210697]
[  15.9564938  -122.29504459  -31.90338021];[-0.37142674959689204, -0.8553340603290323, 1.2692707334074909, -0.0470181441326977]
[  23.92925392 -122.30453312  -23.92925393];[-0.1535263472558711, -1.0700754451266716, 1.070075421546272, 0.15352635282558788]
[  23.92612088 -122.31111993  -15.95259688];[0.06779889473143351, -1.0926088293645855, 0.8867029431229009, 0.14197393062842217]
[  23.9235381  -122.31727946   -7.97594413];[0.28302019869071854, -1.10506106391749, 0.6936472714393032, 0.1359248642882911]
[ 2.39217585e+01 -1.22322942e+02 -3.10743608e-10];[0.4918996138423363, -1.1089161415124702, 0.4918996076577594, 0.13409873942078843]
[  23.92353809 -122.3172795     7.97594413];[0.6936472956294334, -1.105061074627176, 0.28302019312114846, 0.13592486166041273]
[  23.92612088 -122.31111994   15.95259688];[0.8867029440327324, -1.0926088569738908, 0.06779889909974014, 0.14197392990184765]
[  23.92925392 -122.30453311   23.92925393];[1.0700754235160883, -1.070075437085543, -0.15352635232347422, 0.1535263551047553]
[  31.90170833 -122.30009653   15.95574091];[0.8551868382095178, -1.2690918640882534, 0.0469417432323035, 0.37146052594811585]
[  31.89852615 -122.30624431    7.97760731];[0.6650630881731057, -1.2831801655089645, 0.25981326553842027, 0.36598021068692316]
[ 3.18962700e+01 -1.22311708e+02 -1.43094450e-09];[0.46609507339915246, -1.287589179113525, 0.4660950500824488, 0.36432250303952024]
[  31.89852614 -122.30624432   -7.9776073 ];[0.25981326532480964, -1.2831801467745738, 0.665063090870822, 0.3659802092884294]
[  31.90170833 -122.30009653  -15.95574092];[0.0469417492571446, -1.2690918672777418, 0.8551868381596072, 0.37146052368191995]
[ 3.98398692e+01 -1.30227522e+02 -2.74710319e-10];[0.240470887883368, -1.2360904463819233, 0.240470882926216, 0.7309377436109513]
[  31.88714119 -130.22367959  -23.921518  ];[-0.3230136209156559, -1.0208406265555696, 0.816903353211682, 0.5209556503497845]
[  31.88394324 -130.23194593  -15.94870013];[-0.11314421840443255, -1.048454145737341, 0.6464691221934185, 0.5063321912834261]
[  31.88099471 -130.23834666   -7.97437936];[0.08813410183097793, -1.0642836359333885, 0.4680076116425152, 0.4982393369259375]
[ 3.18786471e+01 -1.30243092e+02  3.98847179e-10];[0.281754931981249, -1.0693496729695413, 0.2817549375768334, 0.49566290265563273]
[  31.88099471 -130.23834665    7.97437936];[0.4680076047250956, -1.0642836264985172, 0.08813409951996082, 0.4982393395793639]
[  31.88394323 -130.23194591   15.94869962];[0.6464689593256303, -1.048454263879555, -0.11314398128174422, 0.506332203273712]
[  31.88714119 -130.22367959   23.92151799];[0.8169033266672184, -1.0208406170687874, -0.32301362388613003, 0.5209556606781275]
[  23.92151795 -130.22367977   31.88714108];[1.0208405899353015, -0.8169033429652741, -0.5209556528709776, 0.32301362991436416]
[  23.91819762 -130.23500502   23.91819761];[0.8543863229726312, -0.8543863278920343, -0.29956061672486717, 0.2995606183596772]
[  23.91553512 -130.24242043   15.94630129];[0.6807701119217566, -0.8793968823392403, -0.08833147442252016, 0.28444753350746416]
[  23.91312279 -130.24861509    7.97309377];[0.49946828712574276, -0.8936473046729289, 0.11481227217448037, 0.2760567444493589]
[ 2.39113011e+01 -1.30253464e+02 -2.59177928e-10];[0.3106665885082535, -0.8981873667405572, 0.31066658168142997, 0.27339531001950473]
[  23.91312279 -130.2486151    -7.97309377];[0.11481229045977308, -0.8936472890615547, 0.4994682925938628, 0.27605673409949116]
[  23.91553512 -130.24242045  -15.94630128];[-0.08833146988230936, -0.8793968921492403, 0.6807701067241706, 0.2844475343765214]
[  23.91819762 -130.23500502  -23.91819761];[-0.29956061681012464, -0.8543863301432203, 0.8543863174680786, 0.299560616460424]
[  23.92151794 -130.22367977  -31.88714108];[-0.5209556502334466, -0.816903356289983, 1.0208405732037598, 0.3230136324884953]
[  15.94951681 -130.22828945  -31.88578919];[-0.5063214482681094, -0.6465705566877461, 1.0485890368939397, 0.11309792259653789]
[  15.94711387 -130.23878672  -23.91681277];[-0.2844167899020695, -0.6808749845832512, 0.8795170435353338, 0.08828398573839531]
[  15.94440147 -130.24933032  -15.94440147];[-0.07222703436647822, -0.70353764277809, 0.7035376269989846, 0.0722270378849813]
[  15.94268951 -130.25546292   -7.97207961];[0.13224043414310332, -0.7164407027741512, 0.5202456110792353, 0.06325130173139235]
[ 1.59414376e+01 -1.30260412e+02 -5.16981408e-10];[0.3296623335938038, -0.7205369182193707, 0.3296623202376838, 0.0604100719210377]
[  15.94268952 -130.2554629     7.97207961];[0.5202456252899382, -0.7164407018101568, 0.13224043418522874, 0.06325129848525476]
[  15.94440147 -130.24933034   15.94440146];[0.7035376292135925, -0.7035376364103046, -0.07222703518687593, 0.07222703707852876]
[  15.94711387 -130.23878673   23.91681277];[0.8795170472465397, -0.6808749852720694, -0.28441678919203295, 0.08828398443642113]
[  15.94951682 -130.22828945   31.88578919];[1.0485890471001658, -0.6465705368767957, -0.5063214543548904, 0.11309792191481592]
[   7.9752154  -130.23064645   31.88487274];[1.0645705614168937, -0.46819444668763577, -0.498217158659992, -0.08826299697431292]
[   7.9739596  -130.24068877   23.91591694];[0.8939120379277552, -0.4996680158275472, -0.27599029129673214, -0.1149494977543926]
[   7.97258053 -130.25092025   15.94371754];[0.716575541411156, -0.5203621179761272, -0.06319170883440658, -0.1323199441765589]
[   7.97140964 -130.25959269    7.97140964];[0.5320210047590964, -0.532021030386986, 0.14202968627161397, -0.14202968397718851]
[ 7.97076825e+00 -1.30264630e+02  1.77829714e-12];[0.340380455030687, -0.5357337622977488, 0.3403804550621923, -0.14511447225933374]
[   7.97140965 -130.25959268   -7.97140965];[0.14202969791455378, -0.5320210374178138, 0.5320210044730317, -0.14202968398654947]
[   7.97258053 -130.25092025  -15.94371754];[-0.06319170473801725, -0.5203621446783128, 0.7165755350477999, -0.13231994111795975]
[   7.9739596  -130.24068878  -23.91591693];[-0.27599029581836254, -0.49966800451191257, 0.893912034420348, -0.11494949549315292]
[   7.9752154  -130.23064644  -31.88487274];[-0.49821715821073426, -0.468194447128792, 1.0645705400968224, -0.08826299741308988]
[-7.97470665e-10 -1.30216505e+02 -3.98476831e+01];[-0.7309888612500286, -0.24067973786615335, 1.2365553407857603, -0.2406797247834071]
[-1.52875659e-09 -1.30231368e+02 -3.18845502e+01];[-0.49562957767707017, -0.28199641927834085, 1.0697879278917453, -0.2819963911304825]
[-4.13797679e-10 -1.30241264e+02 -2.39156075e+01];[-0.2732935407456103, -0.31092700374950305, 0.8985960286552824, -0.3109269949471074]
[-6.70295393e-10 -1.30251392e+02 -1.59434833e+01];[-0.06029198740849329, -0.32985774880567087, 0.7208053375402969, -0.32985773081932734]
[-4.34687037e-10 -1.30260066e+02 -7.97127672e+00];[0.14519451757532248, -0.34047986502348127, 0.535851909250922, -0.3404798502960541]
[-1.67892100e-09 -1.30266190e+02 -4.08683764e-10];[0.34383387288079925, -0.34383391159566395, 0.34383386578359737, -0.3438338561031378]
[-1.81707291e-10 -1.30260066e+02  7.97127672e+00];[0.5358519081866066, -0.3404798542253974, 0.14519451131565736, -0.34047984905245365]
[-7.95225916e-10 -1.30251392e+02  1.59434833e+01];[0.72080534715154, -0.32985774940842294, -0.0602919902235627, -0.3298577281349978]
[-1.79620511e-09 -1.30241264e+02  2.39156076e+01];[0.8985960297258189, -0.31092703269624766, -0.27329353027650777, -0.3109269940142091]
[-6.17414188e-10 -1.30231368e+02  3.18845502e+01];[1.0697879309854217, -0.2819964057340258, -0.4956295815209129, -0.28199639280003086]
[-6.68331342e-10 -1.30216505e+02  3.98476831e+01];[1.236555351740605, -0.2406797320943899, -0.7309888498925965, -0.24067972285781403]
[  -7.9752154  -130.23064643   31.88487275];[1.0645705370303384, -0.08826300886235362, -0.498217154330258, -0.4681944347783216]
[  -7.9739596  -130.24068878   23.91591693];[0.8939120540050568, -0.11494950306937966, -0.27599029634542355, -0.4996679828522846]
[  -7.97258053 -130.25092023   15.94371755];[0.7165755315277382, -0.1323199501006334, -0.06319170917158498, -0.5203621085128969]
[  -7.97140964 -130.2595927     7.97140964];[0.5320210085235711, -0.1420296875207945, 0.14202968338968566, -0.5320210005563633]
[-7.97076825e+00 -1.30264630e+02 -1.01794772e-10];[0.3403804595722504, -0.14511450195925435, 0.3403804540426423, -0.535733753040474]
[  -7.97140965 -130.2595927    -7.97140964];[0.14202970367364082, -0.14202969858604983, 0.532021001752835, -0.532021000380343]
[  -7.97258053 -130.25092025  -15.94371754];[-0.06319169880216202, -0.1323199721273409, 0.7165755249786706, -0.5203621061481056]
[  -7.9739596  -130.24068878  -23.91591693];[-0.2759902996082182, -0.11494950884447477, 0.8939120356591888, -0.49966797924149026]
[  -7.9752154  -130.23064643  -31.88487275];[-0.4982171603580858, -0.08826301268685156, 1.06457053766497, -0.46819443010185424]
[ -15.94951682 -130.22828944  -31.8857892 ];[-0.5063214472780638, 0.11309791292629469, 1.0485890317653064, -0.6465705278293348]
[ -15.94711387 -130.23878673  -23.91681277];[-0.2844167940059434, 0.08828397736492266, 0.8795170447654903, -0.6808749547513901]
[ -15.94440147 -130.24933033  -15.94440147];[-0.07222703206552247, 0.0722270278709748, 0.7035376282247467, -0.7035376236236791]
[ -15.94268952 -130.25546289   -7.97207961];[0.13224043741135233, 0.06325128349601682, 0.5202456178273647, -0.7164406673863426]
[-1.59414376e+01 -1.30260412e+02 -9.40734048e-10];[0.3296623261867727, 0.06041006139245326, 0.3296623166625924, -0.7205368954801119]
[ -15.94268952 -130.25546289    7.97207961];[0.5202456197195784, 0.06325128356289635, 0.13224043607230232, -0.7164406656288824]
[ -15.94440147 -130.24933034   15.94440147];[0.7035376194002528, 0.07222702538688221, -0.07222703235087358, -0.7035376208043711]
[ -15.94711388 -130.23878672   23.91681277];[0.879517045923319, 0.08828398031238816, -0.2844167921842258, -0.6808749598930841]
[ -15.94951682 -130.22828945   31.88578919];[1.0485890376972735, 0.11309791523953253, -0.5063214482764099, -0.6465705278131804]
[ -23.92151794 -130.22367979   31.88714107];[1.0208405810322971, 0.32301363081678797, -0.5209556558837982, -0.8169033201356319]
[ -23.91819763 -130.23500502   23.91819762];[0.854386314153818, 0.2995606191224145, -0.2995606105398386, -0.854386316835851]
[ -23.91553512 -130.24242043   15.94630129];[0.6807700971023077, 0.2844475369122041, -0.08833147483931345, -0.8793968553914475]
[ -23.91312279 -130.24861508    7.97309377];[0.4994682962812031, 0.27605674264083535, 0.11481227843762448, -0.89364728209317]
[-2.39113011e+01 -1.30253464e+02  3.43025243e-09];[0.3106665782307733, 0.2733953175308781, 0.3106665897663224, -0.8981873251015222]
[ -23.91312279 -130.24861509   -7.97309377];[0.11481227774661512, 0.27605675356516507, 0.4994682912475737, -0.8936472787663081]
[ -23.91553512 -130.24242044  -15.94630128];[-0.08833147473206455, 0.28444753673553275, 0.6807700948711174, -0.8793968561172708]
[ -23.91819763 -130.23500501  -23.91819762];[-0.2995606182221287, 0.29956061820901275, 0.8543863165854079, -0.8543863144716723]
[ -23.92151795 -130.22367977  -31.88714108];[-0.5209556488154204, 0.32301363149599965, 1.0208405686856032, -0.816903319948072]
[ -31.88714119 -130.22367958  -23.921518  ];[-0.3230136173652482, 0.5209556635922853, 0.8169033201130662, -1.0208405870245316]
[ -31.88394325 -130.23194589  -15.94869988];[-0.1131441056557799, 0.5063322018300773, 0.6464690325075498, -1.048454179665097]
[ -31.88099471 -130.23834666   -7.97437936];[0.08813410310892175, 0.4982393599036389, 0.46800760472986574, -1.0642836063254304]
[-3.18786471e+01 -1.30243092e+02 -1.20598641e-09];[0.28175493804787843, 0.4956629235368518, 0.2817549207073026, -1.0693496655717907]
[ -31.88099471 -130.23834666    7.97437936];[0.46800760672466296, 0.49823935713792217, 0.08813410985087869, -1.0642836001805582]
[ -31.88394324 -130.23194592   15.94869987];[0.6464690440310771, 0.506332190148033, -0.11314410472370173, -1.048454169574636]
[ -31.88714119 -130.22367958   23.921518  ];[0.8169033362155571, 0.5209556616991352, -0.3230136253381737, -1.0208405831598255]
[-3.98398692e+01 -1.30227522e+02  3.76603247e-10];[0.24047088172551276, 0.7309377648271808, 0.2404708772337803, -1.2360904275807392]
[ -31.86173329 -138.15092939   15.93943607];[0.44873971640174165, 0.6526824616777351, -0.27595449104420566, -0.8392486566691395]
[ -31.85929385 -138.15828491    7.97005428];[0.2796317501966555, 0.6419590284681584, -0.08198455372525038, -0.8561979933453789]
[-3.18569058e+01 -1.38162401e+02 -7.57468716e-12];[0.10285056357775851, 0.638485030585993, 0.10285055946817064, -0.8616709874626007]
[ -31.85929386 -138.1582849    -7.97005428];[-0.08198455150177741, 0.6419590357767351, 0.2796317456310475, -0.8561979958947327]
[ -31.86173329 -138.1509294   -15.93943607];[-0.275954485119109, 0.6526824683744477, 0.448739701111413, -0.8392486542400277]
[ -23.90437403 -138.15464219  -23.90437399];[-0.4523356125269048, 0.452335613389511, 0.6508208904702714, -0.6508208732838543]
[ -23.90245833 -138.16449618  -15.93824229];[-0.24674457312183856, 0.4336007279935248, 0.4858928524844731, -0.6777379391319188]
[ -23.90035899 -138.1712856    -7.96935093];[-0.051525708685384794, 0.4230049654041743, 0.3141189111340194, -0.6932034980576878]
[-2.38985201e+01 -1.38175403e+02 -8.87446406e-10];[0.13509354541600418, 0.41958285384526306, 0.13509354382343386, -0.6981881175574325]
[ -23.90035899 -138.1712856     7.96935093];[0.3141189233877769, 0.42300496760398737, -0.05152571606369197, -0.6932034997748561]
[ -23.90245833 -138.16449618   15.93824229];[0.48589285391027043, 0.4336007298334521, -0.24674457274589673, -0.6777379356938422]
[ -23.90437403 -138.15464219   23.90437399];[0.6508209071339868, 0.45233561948307943, -0.45233560170656356, -0.6508208794716859]
[ -15.94037096 -138.14861896   31.86386378];[0.839348198609329, 0.27593874507986477, -0.6526999247483698, -0.4488038901746789]
[ -15.93913367 -138.16214208   23.90386527];[0.6778231418232423, 0.24672321611511755, -0.4335938840819601, -0.4859630590000164]
[ -15.9373461  -138.1720526    15.93734607];[0.5107159688316373, 0.22754386684224107, -0.22754386469947352, -0.5107159675425407]
[ -15.93583521 -138.17855377    7.96882771];[0.3370973616774999, 0.21665895752574577, -0.031391451245092176, -0.5249170089106676]
[-1.59345869e+01 -1.38182690e+02  6.29584795e-10];[0.156502506612807, 0.21315086099136854, 0.15650250569030888, -0.5294881231404112]
[ -15.93583521 -138.17855376   -7.96882771];[-0.03139145211977175, 0.21665895736960708, 0.3370973584842064, -0.5249170037601519]
[ -15.9373461  -138.17205261  -15.93734608];[-0.22754385546628653, 0.22754386617562558, 0.5107159648885335, -0.5107159655804986]
[ -15.93913368 -138.16214208  -23.90386528];[-0.4335938825651742, 0.2467232086473321, 0.677823147674456, -0.4859630549363876]
[ -15.94037096 -138.14861896  -31.86386378];[-0.6526999267263996, 0.2759387446870745, 0.8393481736495356, -0.448803889915774]
[  -7.97100153 -138.15332144  -31.86373551];[-0.6419913576372462, 0.08192003449254773, 0.8564138221877197, -0.2797459198021309]
[  -7.97030088 -138.16602261  -23.90344441];[-0.4229868694134302, 0.051447057922708664, 0.6933966209018301, -0.31425024350270353]
[  -7.96937174 -138.17546397  -15.93695465];[-0.21662678416759945, 0.031342620505654284, 0.5250137385084861, -0.3371773592764976]
[  -7.96860541 -138.1817031    -7.9686054 ];[-0.019896709922184966, 0.019896704649487514, 0.3503001560950805, -0.3503001587693234]
[-7.96797392e+00 -1.38185856e+02 -1.57620916e-10];[0.16876698653746405, 0.01621326625375062, 0.16876698495183678, -0.3545203601431409]
[  -7.96860541 -138.18170311    7.9686054 ];[0.3503001587581551, 0.019896684970915318, -0.019896711140777096, -0.35030015956602023]
[  -7.96937174 -138.17546397   15.93695464];[0.5250137429429524, 0.03134263039595293, -0.21662678924602582, -0.33717736046449914]
[  -7.97030087 -138.16602262   23.90344441];[0.693396623699162, 0.0514470549246506, -0.4229868648730736, -0.3142502443960414]
[  -7.97100153 -138.15332144   31.86373552];[0.8564138532088309, 0.08192003208898896, -0.6419913489494665, -0.27974592049894464]
[-4.36258452e-10 -1.38154782e+02  3.18636639e+01];[0.8620032863399878, -0.10298927154037876, -0.6385324428576685, -0.10298926393784517]
[-1.16609681e-09 -1.38167226e+02  2.39032873e+01];[0.698489390589694, -0.1352578967815822, -0.4195535590090894, -0.13525787231408515]
[-9.58169363e-10 -1.38176519e+02  1.59368144e+01];[0.529682223949602, -0.15663196828617568, -0.21308596711768912, -0.15663194063342623]
[-4.96722193e-10 -1.38182723e+02  7.96851822e+00];[0.35460327302101596, -0.16883394698971, -0.016162315236736925, -0.16883392807208225]
[-4.69763123e-10 -1.38185398e+02  4.86761474e-10];[0.17278998358711553, -0.17278999302738324, 0.17278998705467244, -0.17278997469875587]
[-8.93802623e-10 -1.38182723e+02 -7.96851822e+00];[-0.016162309032806153, -0.16883396109104548, 0.3546032684331765, -0.1688339273204355]
[-7.11595148e-10 -1.38176519e+02 -1.59368144e+01];[-0.21308597003460253, -0.15663196256429662, 0.529682232290407, -0.1566319414469761]
[-3.93805539e-10 -1.38167226e+02 -2.39032873e+01];[-0.4195535690107777, -0.1352578817851763, 0.6984893995233905, -0.13525787279779355]
[-1.07038389e-09 -1.38154782e+02 -3.18636639e+01];[-0.6385324438068243, -0.10298927692638013, 0.8620032829199755, -0.10298926113009853]
[   7.97100153 -138.15332145  -31.86373551];[-0.641991368537027, -0.27974594407904035, 0.8564138297663765, 0.08192004001693712]
[   7.97030087 -138.16602261  -23.90344442];[-0.422986865753156, -0.3142502733162007, 0.6933966185887713, 0.0514470624911849]
[   7.96937174 -138.17546396  -15.93695465];[-0.2166267866783077, -0.33717738317915624, 0.5250137418956139, 0.03134263655910821]
[   7.96860541 -138.18170311   -7.9686054 ];[-0.019896712996377196, -0.3503001835973874, 0.3503001609012279, 0.019896717400718467]
[ 7.96797391e+00 -1.38185856e+02 -4.70397706e-10];[0.1687669848922876, -0.3545203984209594, 0.16876697907452923, 0.016213281980871158]
[   7.96860541 -138.1817031     7.9686054 ];[0.3503001640214507, -0.350300170385543, -0.01989671480420414, 0.01989671642357213]
[   7.96937174 -138.17546398   15.93695464];[0.5250137447833172, -0.3371773762650819, -0.21662678868441268, 0.03134263716943969]
[   7.97030087 -138.16602261   23.90344441];[0.693396625678231, -0.31425026610043133, -0.42298686506331307, 0.051447063688378966]
[   7.97100153 -138.15332144   31.86373552];[0.8564138518326503, -0.27974594041927936, -0.6419913516247356, 0.08192004173193176]
[  15.94037096 -138.14861895   31.86386379];[0.8393481800714572, -0.44880392100334254, -0.6526999171322192, 0.2759387467418591]
[  15.93913367 -138.16214208   23.90386527];[0.6778231447690998, -0.4859630791349999, -0.43359388491724504, 0.24672321645120113]
[  15.9373461  -138.17205261   15.93734607];[0.5107159658959649, -0.5107159847475592, -0.2275438627208397, 0.22754386706297053]
[  15.93583521 -138.17855377    7.96882771];[0.337097371023479, -0.5249170552276108, -0.03139145020142331, 0.21665895706969096]
[ 1.59345869e+01 -1.38182690e+02 -6.55788215e-10];[0.15650252406191983, -0.5294881429723739, 0.1565025047543899, 0.21315085553904584]
[  15.93583521 -138.17855376   -7.96882771];[-0.03139145007234295, -0.524917028297547, 0.3370973569095732, 0.21665895725358933]
[  15.9373461  -138.17205261  -15.93734608];[-0.22754386097527654, -0.5107159950425832, 0.5107159644707976, 0.2275438685688034]
[  15.93913367 -138.16214208  -23.90386527];[-0.43359388672013105, -0.4859630827652892, 0.6778231502833134, 0.24672321256454252]
[  15.94037096 -138.14861896  -31.86386378];[-0.6526999249328671, -0.4488039055129276, 0.8393481737458154, 0.2759387475917286]
[  23.90437403 -138.15464219  -23.90437398];[-0.4523356106584562, -0.6508208982164514, 0.6508208828885268, 0.4523356138541149]
[  23.90245833 -138.16449618  -15.93824228];[-0.24674458162574345, -0.6777379431730105, 0.48589285806446286, 0.4336007166882244]
[  23.90035899 -138.1712856    -7.96935093];[-0.051525715954256215, -0.6932035200479837, 0.31411891984677903, 0.423004960391057]
[ 2.38985201e+01 -1.38175403e+02 -1.20662499e-10];[0.1350935501768208, -0.6981881315556742, 0.1350935481651618, 0.4195828375339492]
[  23.90035899 -138.17128559    7.96935093];[0.3141189277084581, -0.6932035355867971, -0.05152571478994607, 0.42300495602917193]
[  23.90245833 -138.16449618   15.93824228];[0.48589287240077916, -0.6777379426646719, -0.24674458098982072, 0.4336007150742343]
[  23.90437403 -138.15464218   23.90437399];[0.6508209082283009, -0.6508208981777172, -0.4523356093939112, 0.4523356099256715]
[  31.86173329 -138.1509294    15.93943607];[0.44873971811896946, -0.8392486922547823, -0.27595448719346677, 0.6526824547004717]
[  31.85929386 -138.15828489    7.97005428];[0.2796317494903056, -0.8561980195126813, -0.0819845518989039, 0.6419590160569583]
[ 3.18569058e+01 -1.38162401e+02 -8.80662111e-10];[0.10285057138784469, -0.861671005822182, 0.10285055968832443, 0.6384849996509403]
[  31.85929386 -138.1582849    -7.97005428];[-0.08198454858711883, -0.8561980277917045, 0.2796317481905197, 0.6419590136948647]
[  31.86173328 -138.1509294   -15.93943606];[-0.2759544914034479, -0.8392486662939226, 0.44873970618454295, 0.6526824588656601]
[  31.82988813 -146.04940249  -15.92644302];[-0.4480413501537883, -0.637671884060371, 0.2548413972024861, 0.8174083940933734]
[  31.82870489 -146.05942934   -7.96406961];[-0.2568681167421669, -0.655660565880384, 0.09301764306902136, 0.8034509501156006]
[ 3.18264359e+01 -1.46063255e+02 -7.78768934e-11];[-0.07716959739033341, -0.6614825148498016, -0.07716959794583783, 0.7989070530154777]
[  31.82870492 -146.05942934    7.9640693 ];[0.09301757913678067, -0.6556606150778223, -0.25686804796567164, 0.8034509452843552]
[  31.82988813 -146.04940249   15.92644302];[0.25484140285079865, -0.6376718936316125, -0.44804134685065256, 0.8174083929093066]
[  23.88543719 -146.05781566   23.88543711];[0.45374962559988036, -0.4537496261325495, -0.6178658379611666, 0.6178658498626934]
[  23.88488818 -146.07308672   15.92743407];[0.29615806985265025, -0.48283891623019526, -0.412687432992557, 0.5946144100326454]
[  23.88343573 -146.0816701     7.96437632];[0.13179930616893282, -0.49946615307540626, -0.22118625043017207, 0.5814943251609119]
[ 2.38816513e+01 -1.46085301e+02  2.58311112e-10];[-0.04029419685827297, -0.5048454691984865, -0.04029419588424322, 0.5772317343727847]
[  23.88343573 -146.0816701    -7.96437632];[-0.22118625063083994, -0.4994661507870185, 0.1317993055260286, 0.5814943214993539]
[  23.88488817 -146.07308672  -15.92743406];[-0.41268742926884167, -0.4828389408348304, 0.29615806278740975, 0.5946144108497942]
[  23.88543719 -146.05781566  -23.88543712];[-0.6178658350363162, -0.4537496454696615, 0.45374961440574346, 0.6178658498987795]
[  15.92762857 -146.04860158  -31.83262271];[-0.8174741833036163, -0.2548671153144624, 0.6377409574728687, 0.44806769139791935]
[  15.92850083 -146.0720172   -23.88657885];[-0.5946391077013877, -0.2961979482398078, 0.4828951944027155, 0.41269674435218373]
[  15.92806336 -146.085271    -15.92806332];[-0.389830722921084, -0.3232728037734044, 0.3232727926962434, 0.3898307236270229]
[  15.92691237 -146.0931146    -7.96457186];[-0.19794760376095513, -0.3387345225601311, 0.1572378264837842, 0.3768701438990839]
[ 1.59257013e+01 -1.46096655e+02 -1.72584561e-12];[-0.016164581556613367, -0.3437365263987848, -0.01616458091255334, 0.3726659190507705]
[  15.92691237 -146.0931146     7.96457186];[0.15723782586058763, -0.3387345380581046, -0.1979476018162552, 0.3768701443708987]
[  15.92806336 -146.085271     15.92806332];[0.3232727932437458, -0.3232728018563458, -0.38983071983302303, 0.3898307270218545]
[  15.92850083 -146.0720172    23.88657884];[0.48289519065455205, -0.2961979575884346, -0.5946390983047487, 0.41269674780159393]
[  15.92762857 -146.04860158   31.83262272];[0.6377409497112961, -0.25486712298487146, -0.8174741786737599, 0.4480676919988348]
[   7.96520023 -146.05755771   31.83408002];[0.6558100634897698, -0.09305356062216116, -0.8035691677772013, 0.2568814326413349]
[   7.96546283 -146.07919438   23.88698646];[0.4995949960038636, -0.1318652747916597, -0.5815380697357492, 0.22117027593652303]
[   7.96516671 -146.09156276   15.92813898];[0.3387952064706146, -0.15728271378542572, -0.37686878118977685, 0.19793099810601783]
[   7.96494025 -146.09797078    7.96494023];[0.17181636377256052, -0.17181636314761065, -0.18470643515370727, 0.18470643613830404]
[ 7.96433156e+00 -1.46101452e+02  8.59672100e-11];[-0.002368483169758434, -0.17650966442133384, -0.0023684823608210066, 0.18042509677660484]
[   7.96494025 -146.09797078   -7.96494023];[-0.1847064354393725, -0.17181636608837045, 0.17181635131705614, 0.1847064387978112]
[   7.96516671 -146.09156276  -15.92813897];[-0.376868787762316, -0.15728270266703961, 0.33879521194026024, 0.1979309967970704]
[   7.96546284 -146.07919438  -23.88698647];[-0.5815380806105179, -0.13186527067354595, 0.49959500198625545, 0.2211702744960331]
[   7.96520024 -146.05755771  -31.83408004];[-0.8035691829705168, -0.09305355818690861, 0.655810048559489, 0.25688143234568506]
[-8.58907066e-10 -1.46060311e+02 -3.18344952e+01];[-0.799079313606461, 0.07714722398574494, 0.6617129499548596, 0.07714723166372298]
[-1.67875715e-10 -1.46081404e+02 -2.38870849e+01];[-0.5772949912570966, 0.04022741198417967, 0.5050476456123774, 0.040227413818459415]
[-4.22368567e-10 -1.46093501e+02 -1.59281432e+01];[-0.3726608963035969, 0.016100894641791746, 0.34386030785758104, 0.01610090513147032]
[ 1.56284538e-11 -1.46099795e+02 -7.96491866e+00];[-0.18040384934105172, 0.002333027508529744, 0.17655948483150644, 0.0023330286806716727]
[-1.54107379e-10 -1.46101197e+02 -1.62434778e-10];[0.0021625282440852593, -0.0021625330557610636, 0.0021625265290163877, -0.0021625281360322796]
[-4.58850209e-10 -1.46099795e+02  7.96491866e+00];[0.1765594825868478, 0.002333007498981611, -0.18040384451486605, 0.0023330290469332493]
[-2.47770203e-10 -1.46093501e+02  1.59281432e+01];[0.3438603168435289, 0.016100896233488857, -0.37266089332720986, 0.016100903219636573]
[-6.77467479e-10 -1.46081404e+02  2.38870849e+01];[0.505047656419405, 0.04022740167007231, -0.5772949809963, 0.04022741217640745]
[-9.11721834e-10 -1.46060311e+02  3.18344952e+01];[0.6617129481432124, 0.07714722417143104, -0.7990793088549563, 0.07714723168650135]
[  -7.96520023 -146.05755771   31.83408003];[0.6558100527795795, 0.25688143376432726, -0.8035691679989283, -0.09305355502285542]
[  -7.96546284 -146.07919438   23.88698647];[0.49959500724088574, 0.22117027532395012, -0.5815380729588978, -0.13186525698695534]
[  -7.96516672 -146.09156276   15.92813898];[0.3387952158434498, 0.19793099672243192, -0.3768687832722935, -0.15728269925116692]
[  -7.96494025 -146.09797078    7.96494024];[0.17181635288171423, 0.18470643875132056, -0.1847064332527331, -0.17181635243122306]
[-7.96433156e+00 -1.46101452e+02  5.93985211e-10];[-0.002368481298434963, 0.18042509636356172, -0.002368482908337015, -0.17650965019147438]
[  -7.96494025 -146.09797078   -7.96494024];[-0.1847064333871985, 0.1847064374797956, 0.17181634852313676, -0.17181635115967336]
[  -7.96516672 -146.09156276  -15.92813898];[-0.3768687883351801, 0.1979309931752819, 0.33879521818767905, -0.15728269647762486]
[  -7.96546284 -146.07919438  -23.88698646];[-0.5815380771227774, 0.22117027544434403, 0.49959500308390487, -0.1318652561442653]
[  -7.96520023 -146.05755771  -31.83408003];[-0.8035691587079244, 0.25688143410338016, 0.6558100386070663, -0.09305355649359025]
[ -15.92762858 -146.04860158  -31.83262273];[-0.8174741716035859, 0.4480676994762001, 0.6377409325169487, -0.25486711473568735]
[ -15.92850083 -146.0720172   -23.88657885];[-0.5946391124857314, 0.41269674677033885, 0.48289518964221156, -0.2961979387716823]
[ -15.92806336 -146.08527101  -15.92806332];[-0.38983072092228493, 0.3898307310644427, 0.32327278864491304, -0.3232727907053058]
[ -15.92691238 -146.09311459   -7.96457186];[-0.19794760215355384, 0.37687014703188143, 0.15723781806145015, -0.3387345052529867]
[-1.59257013e+01 -1.46096655e+02 -6.68625331e-10];[-0.016164577127858175, 0.37266593293393785, -0.016164582927577442, -0.34373650987128757]
[ -15.92691237 -146.0931146     7.96457186];[0.15723782327214975, 0.3768701554832696, -0.1979476033430672, -0.33873451226046847]
[ -15.92806337 -146.085271     15.92806333];[0.3232727970059624, 0.3898307321831888, -0.3898307176127129, -0.32327279252120555]
[ -15.92850083 -146.0720172    23.88657884];[0.4828952069652044, 0.41269674967748066, -0.5946390967180429, -0.29619794084605017]
[ -15.92762858 -146.04860158   31.83262273];[0.6377409539057943, 0.44806769385696604, -0.8174741792831829, -0.25486711420789826]
[ -23.88543718 -146.05781567   23.88543711];[0.45374961252256096, 0.6178658419889621, -0.6178658308381368, -0.4537496227065367]
[ -23.88488818 -146.07308672   15.92743407];[0.2961580629369966, 0.5946144089238358, -0.4126874220822741, -0.48283891618855773]
[ -23.88343573 -146.0816701     7.96437632];[0.13179930662788794, 0.581494341655417, -0.22118624183124122, -0.4994661331287737]
[-2.38816513e+01 -1.46085301e+02  3.58078609e-10];[-0.04029419509013094, 0.5772317332648007, -0.04029419299437792, -0.50484542475488]
[ -23.88343573 -146.08167011   -7.96437632];[-0.2211862450325037, 0.5814943278445839, 0.13179930511479926, -0.49946613973258597]
[ -23.88488818 -146.07308672  -15.92743407];[-0.41268742493124577, 0.5946144081099424, 0.2961580587065589, -0.4828389208969812]
[ -23.88543719 -146.05781567  -23.88543712];[-0.6178658272712549, 0.617865846347001, 0.45374960841200324, -0.453749623397483]
[ -31.82988814 -146.0494025   -15.92644303];[-0.4480413312870851, 0.8174084104590456, 0.2548413852821095, -0.6376718898835425]
[ -31.82870491 -146.05942935   -7.96406946];[-0.2568680754364623, 0.803450953586395, 0.09301761036754762, -0.6556605716322055]
[-3.18264359e+01 -1.46063255e+02 -4.54603681e-10];[-0.07716959299413297, 0.7989070548391234, -0.07716959550317844, -0.6614824848832749]
[ -31.82870492 -146.05942935    7.96406946];[0.09301760831827313, 0.8034509698969435, -0.2568680767696876, -0.6556605747327618]
[ -31.82988814 -146.0494025    15.92644303];[0.2548413942766281, 0.8174083987967395, -0.44804133816564645, -0.6376718825576048]
[-3.17730142e+01 -1.53926140e+02 -1.57972389e-10];[-0.268460354094536, 0.9878872718281347, -0.26846035168657817, -0.4664446678091989]
[ -23.85726002 -153.95663029  -15.91093847];[-0.5945112518019716, 0.7762581611677526, 0.10497023315711526, -0.28988745827966594]
[ -23.85746852 -153.97025566   -7.95706173];[-0.4013839798266473, 0.7594046990922769, -0.05417812528614248, -0.30817203940030613]
[-2.38559734e+01 -1.53974156e+02 -2.48611637e-10];[-0.2222876876594717, 0.7539569814615786, -0.2222876866834001, -0.3140614386643725]
[ -23.85746852 -153.97025566    7.95706172];[-0.054178123136126306, 0.7594047131066058, -0.4013839782752729, -0.3081720287400129]
[ -23.85726002 -153.9566303    15.91093847];[0.10497023657710201, 0.7762581508691755, -0.5945112406226386, -0.2898874626590341]
[ -15.91232433 -153.95728621   23.85947771];[0.2899090407140466, 0.5945732374463085, -0.7763410140676963, -0.10496985252197494]
[ -15.91445391 -153.98170331   15.91445385];[0.13585296544013162, 0.5658832340524516, -0.5658832232746298, -0.13585297016314643]
[ -15.91410556 -153.9932979     7.95854512];[-0.024837775271164493, 0.550000004091287, -0.37334370418741686, -0.15308321166085218]
[-1.59130370e+01 -1.53996825e+02  1.34542447e-10];[-0.19393890540369313, 0.5448664776079254, -0.1939389032951766, -0.15863853514729806]
[ -15.91410555 -153.9932979    -7.95854511];[-0.3733437074010526, 0.5499999972000521, -0.024837774019205783, -0.15308320750601537]
[ -15.91445391 -153.9817033   -15.91445385];[-0.5658832396949753, 0.5658832370142384, 0.13585296065416558, -0.13585296047660939]
[ -15.91232433 -153.95728621  -23.85947771];[-0.7763410222226681, 0.5945732387268895, 0.2899090439751429, -0.10496984466904641]
[  -7.95839558 -153.97115268  -23.86188711];[-0.7595516228736359, 0.40145695222019484, 0.30823286233591973, 0.05419356551135641]
[  -7.95920079 -153.99339983  -15.91546318];[-0.5500373916942883, 0.37336507895150167, 0.15310675217776148, 0.024830496233162413]
[  -7.95984213 -154.0040708    -7.9598421 ];[-0.3577527195030084, 0.3577527403902573, -0.008412401579149355, 0.008412409049690414]
[-7.95929813e+00 -1.54007391e+02 -2.34277469e-10];[-0.17810161074356817, 0.3526988854074258, -0.17810161084872034, 0.0031175860976524195]
[  -7.95984214 -154.00407082    7.95984211];[-0.00841234788921561, 0.35775271744595083, -0.35775266481560847, 0.008412407189724677]
[  -7.9592008  -153.99339988   15.91546319];[0.15310685037771868, 0.373365018369484, -0.550037288935617, 0.0248304933707746]
[  -7.95839558 -153.9711527    23.86188711];[0.30823289161089357, 0.40145694343480787, -0.759551572649779, 0.05419355904495248]
[-4.29744172e-09 -1.53929507e+02  3.17836964e+01];[0.4665676624994627, 0.26863064114934204, -0.9883192860388907, 0.2686306489201995]
[-4.03595533e-09 -1.53975304e+02  2.38625567e+01];[0.3141601218111123, 0.22234553420255246, -0.7541677726307323, 0.2223455460507567]
[-2.43205439e-09 -1.53996918e+02  1.59157437e+01];[0.15869016901920704, 0.19394851403387942, -0.5449366479313936, 0.1939485239205503]
[-1.20653199e-09 -1.54007276e+02  7.95993652e+00];[-0.0031016347828083934, 0.1780998362394592, -0.35271111077113343, 0.17809983551040098]
[-1.16944316e-09 -1.54010201e+02  3.54693502e-09];[-0.17297150801044714, 0.172971542964274, -0.17297148899371226, 0.17297154548868507]
[-1.29239901e-09 -1.54007276e+02 -7.95993651e+00];[-0.35271109977277765, 0.1780998210630899, -0.0031015616437427584, 0.1780998267611415]
[-9.40171269e-10 -1.53996918e+02 -1.59157437e+01];[-0.544936611613013, 0.1939485135254132, 0.15869014899892048, 0.19394851570256427]
[-6.85218295e-10 -1.53975304e+02 -2.38625567e+01];[-0.7541678245497124, 0.22234555107114046, 0.31416011600949867, 0.2223455515727569]
[-7.83753108e-10 -1.53929507e+02 -3.17836964e+01];[-0.9883192819005465, 0.2686306376817131, 0.4665676877259051, 0.2686306365641007]
[   7.95839558 -153.97115275  -23.86188714];[-0.7595514930571716, 0.054193529313145916, 0.30823296133519607, 0.4014569103641507]
[   7.95920079 -153.99339985  -15.91546319];[-0.5500373575313067, 0.02483048237132349, 0.1531067917338327, 0.37336504490801903]
[   7.95984214 -154.00407082   -7.95984211];[-0.35775266535694633, 0.008412386520261269, -0.008412356020957508, 0.3577527036488273]
[ 7.95929813e+00 -1.54007391e+02 -1.32835702e-09];[-0.1781015591019852, 0.003117576099182392, -0.17810156473783936, 0.35269886258095806]
[   7.95984214 -154.00407085    7.95984211];[-0.008412303560264137, 0.008412383270008709, -0.357752617266784, 0.3577526780804877]
[   7.95920081 -153.9933999    15.91546319];[0.15310688926729069, 0.024830481264623987, -0.550037242058186, 0.37336498952889274]
[   7.95839558 -153.97115271   23.86188711];[0.30823291635897937, 0.054193556283340175, -0.7595515543962451, 0.40145692617219864]
[  15.91232434 -153.95728626   23.85947774];[0.28990910999849967, -0.10496986243442503, -0.7763409181281151, 0.5945731728297635]
[  15.91445393 -153.98170336   15.91445386];[0.13585304879243712, -0.1358529816342619, -0.5658831034506262, 0.5658831664702517]
[  15.91410559 -153.99329797    7.95854513];[-0.024837652019741117, -0.15308320341550408, -0.37334356625161325, 0.5499998917479962]
[ 1.59130371e+01 -1.53996825e+02 -7.46684468e-09];[-0.19393878659462177, -0.15863853133653943, -0.19393882764776632, 0.5448663987932081]
[  15.91410557 -153.99329794   -7.95854512];[-0.37334365154739446, -0.15308320122706248, -0.02483770382233706, 0.5499999355581611]
[  15.91445393 -153.98170335  -15.91445385];[-0.5658831380255175, -0.1358529573605925, 0.13585305081222993, 0.5658831720435569]
[  15.91232436 -153.95728628  -23.85947775];[-0.7763408842094742, -0.10496984634163994, 0.2899091470484478, 0.5945731370475578]
[  23.85726008 -153.95663038  -15.9109385 ];[-0.594511092036864, -0.2898874292104428, 0.10497037543072246, 0.7762580274189996]
[  23.85746854 -153.97025569   -7.95706173];[-0.4013839197915976, -0.30817202595168725, -0.054178062267588256, 0.7594046271988193]
[ 2.38559735e+01 -1.53974156e+02 -7.78427599e-10];[-0.22228759683239324, -0.3140614395464136, -0.2222875983203455, 0.7539568956593095]
[  23.85746856 -153.97025572    7.95706173];[-0.05417801027239104, -0.3081720031747218, -0.401383860805234, 0.7594045633873946]
[  23.85726008 -153.95663038   15.9109385 ];[0.10497036861579012, -0.28988742020108293, -0.5945110825942836, 0.7762580193362114]
[ 3.17730142e+01 -1.53926140e+02  4.45065288e-10];[-0.26846029310859326, -0.4664446427653234, -0.26846028911917696, 0.9878871943932932]
[ 2.38053583e+01 -1.61814582e+02  4.32129777e-10];[-0.4235079149759233, -0.12237499413511829, -0.4235079091060115, 0.9643341188982757]
[  15.88997018 -161.84155055  -15.88997006];[-0.768576963284937, 0.05842333743277052, -0.05842319282361214, 0.7685769690600479]
[  15.89207539 -161.86464416   -7.94852017];[-0.5675602793344782, 0.03770079712600111, -0.21679918301781945, 0.7469728360024164]
[ 1.58915362e+01 -1.61870000e+02 -3.13322153e-09];[-0.38531055253484076, 0.03117423565943228, -0.385310560941733, 0.7401756381975519]
[  15.89207542 -161.8646442     7.94852017];[-0.21679912951890068, 0.03770081095809909, -0.5675602085092321, 0.7469727850863739]
[  15.88997014 -161.84155049   15.88997004];[-0.05842326092355929, 0.05842329967538515, -0.7685770249013709, 0.7685770459245023]
[   7.94925165 -161.86654554   15.89360665];[-0.03771942795520973, 0.21683845015468828, -0.7470672579197796, 0.5676343286995275]
[   7.95169962 -161.89084979    7.95169957];[-0.1968493888384284, 0.19684947485096635, -0.5475498632472431, 0.5475499050903474]
[ 7.95136063e+00 -1.61895472e+02 -7.66991418e-09];[-0.36564803573031807, 0.19051066224293328, -0.36564807341699856, 0.5411559894880109]
[   7.95169962 -161.89084977   -7.95169957];[-0.5475499148826076, 0.1968494729684792, -0.19684941413913312, 0.547549936677636]
[   7.94925165 -161.86654557  -15.89360666];[-0.747067240965767, 0.2168384331292609, -0.037719400937252096, 0.5676343202834089]
[ 9.90582551e-09 -1.61821944e+02 -2.38131906e+01];[-0.9647994467474775, 0.42376954139570644, 0.1223447847967547, 0.42376948819325944]
[ 2.19378884e-09 -1.61873645e+02 -1.58946050e+01];[-0.7403563344177798, 0.38541582220832443, -0.03120423456531957, 0.3854158067838854]
[ 2.36962196e-09 -1.61896973e+02 -7.95206420e+00];[-0.5412110751575049, 0.365686820109908, -0.19053308883613718, 0.365686807608816]
[ 8.48012656e-10 -1.61906652e+02 -1.05321828e-09];[-0.35954449351704293, 0.3595445794456531, -0.3595444966516285, 0.3595445596927977]
[ 2.43940082e-09 -1.61896973e+02  7.95206421e+00];[-0.1905330338759241, 0.36568682432631494, -0.5412110205198458, 0.36568679742126775]
[ 6.72438085e-10 -1.61873645e+02  1.58946050e+01];[-0.03120422668003407, 0.3854158213996097, -0.7403563245794563, 0.38541580913945606]
[ 5.45986914e-10 -1.61821944e+02  2.38131905e+01];[0.12234474810934667, 0.4237695254750018, -0.9647994841972601, 0.42376951678254515]
[  -7.94925164 -161.86654557   15.89360666];[-0.03771938645324645, 0.5676343487671764, -0.7470672035503226, 0.21683840930364423]
[  -7.95169961 -161.89084977    7.95169956];[-0.19684936961728314, 0.5475499492777672, -0.5475499030190033, 0.1968494533094095]
[-7.95136063e+00 -1.61895472e+02 -9.45205195e-09];[-0.36564800775951356, 0.541156002796939, -0.3656480430108721, 0.19051064387359642]
[  -7.95169961 -161.89084977   -7.95169957];[-0.5475499052839055, 0.5475499501963216, -0.19684939031672638, 0.19684945978677804]
[  -7.94925165 -161.86654557  -15.89360666];[-0.7470672298720363, 0.567634327973617, -0.037719379624128115, 0.21683842601669095]
[ -15.88997016 -161.84155056  -15.88997006];[-0.7685769274198722, 0.7685770105652792, -0.05842316359391463, 0.058423280645791505]
[ -15.89207538 -161.86464415   -7.94852016];[-0.5675602852717877, 0.7469728747079342, -0.216799177254059, 0.037700786638952266]
[-1.58915362e+01 -1.61870000e+02  8.92694352e-10];[-0.3853105640456399, 0.740175661838179, -0.38531055041884, 0.03117423123518743]
[ -15.89207541 -161.8646442     7.94852017];[-0.2167991276982233, 0.7469728196302217, -0.5675602087253163, 0.03770079778185541]
[ -15.88997015 -161.84155051   15.88997004];[-0.058423202581406763, 0.7685770358320038, -0.7685770005801849, 0.05842329974247918]
[-2.38053583e+01 -1.61814582e+02  2.21034675e-09];[-0.42350794693647736, 0.9643341719245511, -0.42350793614481763, -0.12237500644961113]
[-1.11507286e-08 -1.69779206e+02  1.88621963e-09];[-0.5701903272034973, 0.570190348714789, -0.5701903114477327, 0.5701903974770745]
